Method,Reconstruction_MAE,Total_Variance,Mean_Spearman_Correlation
PCA,0.000839494411911538,33.999063430061675,1.0
Autoencoder,0.26196371827263154,30.329057693481445,0.058749596960991184
