id,Tg,FFV,Tc,Density,Rg
1109053969,77.85788096314072,0.36035661521447976,0.23528361340530723,0.9507238726521205,15.054786407039629
1422188626,78.82269763841931,0.36983773155385136,0.23428727618253256,0.9488213748823542,15.031894408271015
2032016830,79.29518297993329,0.36214427376626895,0.24228608688092582,0.9482029003146393,15.263506248377555
