id,Tg,FFV,Tc,Density,Rg
1109053969,79.06034465384224,0.36396544376285406,0.23662211563614846,0.9516095539027757,15.141933238101256
1422188626,78.56071421335861,0.37138189205971794,0.23288252227580108,0.9487497259724109,14.973010286250895
2032016830,78.27219489460225,0.3614178019736279,0.24111724039839705,0.94763018065945,15.217395609266111
