id,Tg,FFV,Tc,Density,Rg
1109053969,121.26849462999911,0.3572553236802359,0.20855989246800166,1.2103716572188836,18.443348262631215
1422188626,158.97392686553118,0.37540100788988723,0.17633419483300314,1.033439508974767,16.537813998257104
2032016830,173.416952160478,0.3606830421243199,0.3222774028089731,1.1252760099079706,23.164830152707864
