id,Tg,FFV,Tc,Density,Rg
1109053969,114.26742276447038,0.37488091460075257,0.19501207852036107,1.1146800689702396,17.59125364630229
1422188626,186.3275782479277,0.3777251702130499,0.21475559807762842,1.0435569709420163,20.482057038249255
2032016830,129.50610268291786,0.35154845110766714,0.2872268878455891,1.0774020592209148,21.304968366034196
