id,Tg,FFV,Tc,Density,Rg
1109053969,123.83136562884214,0.357111491738269,0.20892575144752928,1.213201419941373,18.533404783665755
1422188626,160.3068552963408,0.37436468648963234,0.17444137336424181,1.03558806566185,16.65523919071953
2032016830,173.10935265889796,0.361156835715775,0.31596160256978767,1.1356906511006823,23.198487486659392
