id,Tg,FFV,Tc,Density,Rg
1109053969,129.13291556831567,0.3574491571979102,0.21631919660680793,1.2409523251587964,18.733705076010203
1422188626,154.8012910355062,0.37579306502593435,0.18049941845186313,1.0385218452468559,17.2429189565756
2032016830,174.6329236940211,0.3589073367974338,0.30521889456982443,1.133123968462739,22.901972872843547
