id,Tg,FFV,Tc,Density,Rg
1109053969,166.32739619519364,0.37190922442875085,0.23850595684697545,1.1170799784160217,18.58644446756295
1422188626,132.94738778564601,0.37294293977343473,0.2580576173293052,1.116842702518408,21.364143268108833
2032016830,188.8536958160813,0.3537493019906406,0.2668745474157933,1.1091038609249697,21.07388863358893
