id,Tg,FFV,Tc,Density,Rg
1109053969,144.88775483247449,0.3639499052634099,0.23395120343220885,1.1690800009842346,20.316140271440453
1422188626,189.4080412187139,0.3789349334954088,0.2930629218919813,1.0295276903829675,18.172581586371724
2032016830,121.43620189016089,0.354817263540944,0.29428240150028007,1.1417360769631542,22.53334231910439
