id,Tg,FFV,Tc,Density,Rg
1109053969,77.84678315,0.36400354,0.236,0.948193246,15.052194175
1422188626,77.84678315,0.36400354,0.236,0.948193246,15.052194175
2032016830,77.84678315,0.36400354,0.236,0.948193246,15.052194175
