id,Tg,FFV,Tc,Density,Rg
1109053969,77.85783287480596,0.36035591960775226,0.2352836254471783,0.9507241857077777,15.054789651066052
1422188626,78.82222645763113,0.3698309158359047,0.2342873941716104,0.9488244422751443,15.031926194003143
2032016830,79.29505970006834,0.3621424905000381,0.24228611775161904,0.9482037028680932,15.263514564804842
