id,Tg,FFV,Tc,Density,Rg
1109053969,121.26849462999907,0.36033916554638973,0.20855989246800163,1.2100040934403102,17.900482030378924
1422188626,158.97392686553115,0.37480563028789937,0.17633419483300317,1.0179159480061242,16.684426355403673
2032016830,173.41695216047805,0.36130190007245666,0.322277402808973,1.1267547149498829,23.08562977025554
