id,Tg,FFV,Tc,Density,Rg
1109053969,77.8637289764103,0.3603612347534357,0.23527990015437242,0.9507295565017501,15.054839635057618
1422188626,78.82309544264196,0.3698393378100501,0.23428530780670873,0.9488196098710024,15.03181808588466
2032016830,79.29399984850508,0.3621440768201511,0.2422886812399937,0.9482022674006394,15.263552930884053
