id,Tg,FFV,Tc,Density,Rg
1109053969,163.59373438833012,0.37331244474356334,0.18763988807294818,1.1995269751332271,21.67010550281359
1422188626,190.49472284006245,0.3785032331431387,0.2578501197754275,1.067041071834231,20.62922799210226
2032016830,171.01261956835407,0.3496186163737669,0.25455518070704397,1.0961343973354905,19.604620202106062
