id,Tg,FFV,Tc,Density,Rg
1109053969,78.80726412521474,0.3631568970187691,0.23985685823007005,0.9505267628819148,15.188919457149744
1422188626,78.62087034422979,0.37118951217826934,0.23515460784783979,0.9483881792965864,15.057722297317284
2032016830,79.36841969793218,0.3598314685243904,0.24043624904094707,0.948747534366978,15.20175197677283
