id,Tg,FFV,Tc,Density,Rg
1109053969,126.43127688005644,0.35744832203745164,0.22590336612560516,1.241920249871123,18.993506940424304
1422188626,152.2922435043533,0.3757927239415799,0.17995740259659215,1.0360922540380904,16.970260066593188
2032016830,177.60674335324467,0.35890721224283934,0.30379059987990575,1.1372301935940443,23.275170718655243
